,coffee_c_return_pct,soybeans_return_pct,sugar_return_pct,usd_brl_return_pct,tmax_change_pct,tmin_change_pct
coffee_c_return_pct,1.0,0.17776982981347048,0.23459743290358093,-0.1228008238128438,0.013187468389212354,0.027636289303099065
soybeans_return_pct,0.17776982981347048,1.0,0.20294499943186275,-0.125487886599275,-0.004657606476596831,-0.0001448167739338012
sugar_return_pct,0.23459743290358093,0.20294499943186275,1.0,-0.06693009357032884,0.019314080815318272,0.027327695486274662
usd_brl_return_pct,-0.1228008238128438,-0.125487886599275,-0.06693009357032884,1.0,-0.004887044275302965,-0.012632483155443474
tmax_change_pct,0.013187468389212354,-0.004657606476596831,0.019314080815318272,-0.004887044275302965,1.0,0.26115881893854764
tmin_change_pct,0.027636289303099065,-0.0001448167739338012,0.027327695486274662,-0.012632483155443474,0.26115881893854764,1.0
