,coffee_c,soybeans,sugar,usd_brl,tmax,tmin,rainfall
coffee_c,1.0,0.23222869239016727,0.41951275948952305,0.327956156074702,0.0029149817471949523,-0.031894724247202966,0.00838883609695152
soybeans,0.23222869239016727,1.0,0.4679972087636725,-0.06437938546287271,-0.036215683525446456,-0.06663643065245918,-0.019936000247706292
sugar,0.41951275948952305,0.4679972087636725,1.0,-0.12263336889030427,0.05831317025583495,0.055194311787227265,0.08469932980469738
usd_brl,0.327956156074702,-0.06437938546287271,-0.12263336889030427,1.0,0.0672385333687659,0.057120262610789424,-0.0035779808952632742
tmax,0.0029149817471949523,-0.036215683525446456,0.05831317025583495,0.0672385333687659,1.0,0.6870906166953017,-0.055008799242867196
tmin,-0.031894724247202966,-0.06663643065245918,0.055194311787227265,0.057120262610789424,0.6870906166953017,1.0,0.1760791209673275
rainfall,0.00838883609695152,-0.019936000247706292,0.08469932980469738,-0.0035779808952632742,-0.055008799242867196,0.1760791209673275,1.0
