,coffee_c_return_pct,soybeans_return_pct,sugar_return_pct,usd_brl_return_pct,tmax_change_pct,tmin_change_pct
coffee_c_return_pct,1.0,0.17776982981347048,0.23459743290358093,-0.1228008238128438,0.013187695243961094,0.02763700911985877
soybeans_return_pct,0.17776982981347048,1.0,0.20294499943186275,-0.125487886599275,-0.004657356674408462,-0.00014488118999398582
sugar_return_pct,0.23459743290358093,0.20294499943186275,1.0,-0.06693009357032884,0.019314339494314513,0.0273276707528448
usd_brl_return_pct,-0.1228008238128438,-0.125487886599275,-0.06693009357032884,1.0,-0.004887677496962668,-0.012633219206209387
tmax_change_pct,0.013187695243961094,-0.004657356674408462,0.019314339494314513,-0.004887677496962668,1.0,0.26115820996405736
tmin_change_pct,0.02763700911985877,-0.00014488118999398582,0.0273276707528448,-0.012633219206209387,0.26115820996405736,1.0
